{"cameraMode":{"drawMode":0,"name":"Shaded","section":"Shading Mode"},"sceneLighting":true,"audioPlay":false,"sceneViewState":{"showFog":true,"showMaterialUpdate":false,"showSkybox":true,"showFlares":true,"showImageEffects":true,"showParticleSystems":true},"in2DMode":false,"pivot":{"x":103.43098449707031,"y":121.48668670654297,"z":737.2374877929688},"rotation":{"x":-0.14423035085201264,"y":0.7560029625892639,"z":-0.6132285594940186,"w":-0.17781031131744386},"size":271.8595275878906,"orthographic":false}