{"cameraMode":{"drawMode":0,"name":"Shaded","section":"Shading Mode"},"sceneLighting":false,"audioPlay":false,"sceneViewState":{"showFog":true,"showMaterialUpdate":false,"showSkybox":false,"showFlares":true,"showImageEffects":true,"showParticleSystems":true},"in2DMode":false,"pivot":{"x":-9.739999771118164,"y":12.403390884399414,"z":18.979999542236329},"rotation":{"x":-0.12809981405735017,"y":0.6643059849739075,"z":-0.11693111807107926,"w":-0.727165937423706},"size":2.8222522735595705,"orthographic":false}