{"cameraMode":{"drawMode":0,"name":"Shaded","section":"Shading Mode"},"sceneLighting":true,"audioPlay":false,"sceneViewState":{"showFog":true,"showMaterialUpdate":false,"showSkybox":true,"showFlares":true,"showImageEffects":true,"showParticleSystems":true},"in2DMode":false,"pivot":{"x":212.7212677001953,"y":31.966890335083009,"z":631.3161010742188},"rotation":{"x":0.17737828195095063,"y":-0.6897647976875305,"z":0.18049031496047975,"w":0.6785582900047302},"size":14.739469528198243,"orthographic":false}